"ANYO","PROVINCIA","USD_FOB"
1994,"Indeterminado",65.687949
1995,"Indeterminado",113.519065
1996,"Indeterminado",132.000335
1997,"Indeterminado",199.455727
1998,"Catamarca",453.42862889
1998,"Salta",49.05547899
1998,"Buenos Aires",23.55456513
1998,"Mendoza",22.73884546
1998,"Santa Cruz",13.00175172
1998,"Jujuy",12.52523795
1998,"Indeterminado",11.28840175
1998,"San Juan",10.39607292
1998,"Santa Fe",7.51620125
1998,"Chubut",7.48478993
1998,"San Luis",3.55123001
1998,"Cordoba",1.72377206
1998,"Capital Federal",1.5853476
1998,"Rio Negro",1.41202178
1998,"Entre Rios",0.6349094
1998,"La Pampa",0.4824099
1998,"Tucuman",0.47090083
1998,"Neuquen",0.3094557
1998,"Tierra Del Fuego",0.01407
1998,"La Rioja",0.00168
1999,"Catamarca",530.48598377
1999,"Santa Cruz",92.7540372
1999,"Salta",41.00975942
1999,"Buenos Aires",33.95636342
1999,"Santa Fe",9.17507887
1999,"San Juan",8.39772076
1999,"Jujuy",8.13601743
1999,"Mendoza",7.62536866
1999,"Chubut",7.00969561
1999,"Cordoba",4.53845878
1999,"Indeterminado",4.05670031
1999,"Rio Negro",3.85697683
1999,"San Luis",3.35147307
1999,"Entre Rios",0.66045855
1999,"La Pampa",0.6581582
1999,"Capital Federal",0.50069884
1999,"Tucuman",0.47952407
1999,"Neuquen",0.10101186
1999,"Misiones",0.032557
1999,"Santiago Del Estero",0.0041
1999,"Tierra Del Fuego",0.003468
1999,"Chaco",0.0000405
2000,"Catamarca",439.49191352
2000,"Santa Cruz",89.12319785
2000,"Salta",48.88449068
2000,"Buenos Aires",47.23746749
2000,"Jujuy",15.35798051
2000,"Santa Fe",11.86928955
2000,"San Juan",7.51181432
2000,"Chubut",7.43743976
2000,"Mendoza",6.1202161
2000,"Rio Negro",3.97410376
2000,"Indeterminado",3.34213892
2000,"San Luis",2.53107434
2000,"Cordoba",2.49593021
2000,"La Pampa",1.39872618
2000,"Entre Rios",0.53793172
2000,"Neuquen",0.46804647
2000,"Tucuman",0.1435093
2000,"Capital Federal",0.09338507
2000,"Misiones",0.048196
2000,"La Rioja",0.0294718
2000,"Tierra Del Fuego",0.0007
2000,"Formosa",0.00040495
2001,"Catamarca",515.50664236
2001,"Santa Cruz",101.85740562
2001,"Buenos Aires",48.96834393
2001,"Salta",42.15078911
2001,"Jujuy",13.92405401
2001,"Santa Fe",8.68699381
2001,"Chubut",7.59543997
2001,"San Juan",7.0922789
2001,"Mendoza",6.41579049
2001,"Rio Negro",2.69886489
2001,"Indeterminado",2.67130833
2001,"San Luis",2.54959098
2001,"La Pampa",1.47264066
2001,"Cordoba",1.20414127
2001,"Neuquen",0.76955867
2001,"Entre Rios",0.47648584
2001,"Tucuman",0.14432304
2001,"Chaco",0.02946834
2001,"Misiones",0.025039
2001,"Capital Federal",0.0194053
2001,"La Rioja",0.0086952
2001,"Santiago Del Estero",0.007854
2001,"Tierra Del Fuego",0.00566
2002,"Catamarca",647.61238141
2002,"Santa Cruz",99.13913579
2002,"Buenos Aires",46.33033192
2002,"Salta",35.84020396
2002,"Jujuy",15.16078679
2002,"Santa Fe",13.54152756
2002,"Mendoza",9.35749218
2002,"Chubut",7.66175018
2002,"San Juan",6.8845075
2002,"Indeterminado",3.65824876
2002,"Rio Negro",3.22161314
2002,"San Luis",2.6380496
2002,"La Pampa",1.7154703
2002,"Cordoba",1.38227303
2002,"Neuquen",1.37815296
2002,"Entre Rios",0.41556449
2002,"Tucuman",0.24543082
2002,"Chaco",0.0697
2002,"La Rioja",0.03793806
2002,"Formosa",0.03213096
2002,"Capital Federal",0.02255134
2002,"Corrientes",0.0006559
2002,"Santiago Del Estero",0.000416
2002,"Misiones",0.00025
2003,"Catamarca",740.11743972
2003,"Santa Cruz",100.12608101
2003,"Salta",40.8211091
2003,"Buenos Aires",34.92904779
2003,"Santa Fe",19.27830088
2003,"Jujuy",15.05753407
2003,"San Juan",11.84876133
2003,"Mendoza",11.83697937
2003,"Chubut",8.56062725
2003,"San Luis",6.20871676
2003,"Rio Negro",3.69222179
2003,"Neuquen",3.51270201
2003,"La Pampa",2.071647
2003,"Cordoba",1.23833243
2003,"Indeterminado",1.15037207
2003,"Entre Rios",0.34880885
2003,"Tucuman",0.22495989
2003,"Capital Federal",0.06609684
2003,"Chaco",0.02782015
2003,"La Rioja",0.0263961
2003,"Formosa",0.00958464
2003,"Misiones",0.00614509
2003,"Tierra Del Fuego",0.0042
2003,"Santiago Del Estero",0.0038
2003,"Corrientes",0.0000909
2004,"Catamarca",996.98005569
2004,"Santa Cruz",127.64591961
2004,"Salta",54.42339489
2004,"Buenos Aires",45.32811603
2004,"Mendoza",21.49549171
2004,"Jujuy",19.70727571
2004,"Santa Fe",18.16675867
2004,"San Juan",16.41917614
2004,"Chubut",9.8961234
2004,"Neuquen",7.09313101
2004,"San Luis",7.06604862
2004,"Rio Negro",4.78832695
2004,"Indeterminado",3.65025987
2004,"La Pampa",2.29558732
2004,"Cordoba",1.48716696
2004,"Tucuman",0.66597184
2004,"Entre Rios",0.57612334
2004,"Capital Federal",0.09102044
2004,"La Rioja",0.02503995
2004,"Santiago Del Estero",0.01334276
2004,"Formosa",0.01008426
2004,"Chaco",0.003428
2004,"Misiones",0.0028
2004,"Tierra Del Fuego",0.0001
2005,"Catamarca",1196.98760662
2005,"Santa Cruz",130.15781831
2005,"Salta",63.37982344
2005,"Buenos Aires",52.70304652
2005,"San Juan",26.42508737
2005,"Mendoza",24.32851526
2005,"Santa Fe",22.6361952
2005,"Jujuy",19.4470917
2005,"Chubut",12.59095142
2005,"San Luis",9.39478037
2005,"Neuquen",8.34059646
2005,"Rio Negro",5.11542581
2005,"La Pampa",2.82695203
2005,"Cordoba",1.76623202
2005,"Indeterminado",1.66247924
2005,"Entre Rios",0.78798256
2005,"Tucuman",0.67765945
2005,"Santiago Del Estero",0.08039004
2005,"Capital Federal",0.07807326
2005,"La Rioja",0.045186
2005,"Misiones",0.00676327
2005,"Formosa",0.00480797
2005,"Tierra Del Fuego",0.002745
2006,"Catamarca",1944.54143503
2006,"San Juan",363.43476232
2006,"Santa Cruz",193.51294173
2006,"Santa Fe",70.73078388
2006,"Salta",67.63906565
2006,"Buenos Aires",56.02504681
2006,"Jujuy",33.03960737
2006,"Mendoza",21.41054614
2006,"Chubut",10.8295318
2006,"Neuquen",10.41098056
2006,"San Luis",9.36887722
2006,"Rio Negro",6.65239376
2006,"La Pampa",4.35913678
2006,"Cordoba",3.92992467
2006,"Indeterminado",1.67876989
2006,"Tucuman",1.1248134
2006,"Entre Rios",0.81564826
2006,"La Rioja",0.0618101
2006,"Tierra Del Fuego",0.05155
2006,"Capital Federal",0.03079418
2006,"Misiones",0.00866012
2006,"Formosa",0.00424774
2006,"Santiago Del Estero",0.00303
2007,"Catamarca",2024.03425317
2007,"San Juan",369.78951218
2007,"Santa Cruz",212.38714946
2007,"Buenos Aires",69.86635599
2007,"Salta",66.56569821
2007,"Santa Fe",63.65751627
2007,"Jujuy",58.46625342
2007,"Mendoza",28.27748192
2007,"Neuquen",12.37461394
2007,"San Luis",11.36432247
2007,"Chubut",10.07559142
2007,"Rio Negro",5.58882203
2007,"La Pampa",5.32800736
2007,"Cordoba",4.51698145
2007,"Indeterminado",1.62003128
2007,"Tucuman",1.36182691
2007,"Entre Rios",1.01610366
2007,"Tierra Del Fuego",0.112689
2007,"La Rioja",0.10604838
2007,"Capital Federal",0.07564442
2007,"Santiago Del Estero",0.01902
2007,"Chaco",0.01485
2007,"Misiones",0.0094065
2007,"Formosa",0.00185048
2008,"Catamarca",1489.49231925
2008,"San Juan",511.73339512
2008,"Santa Cruz",337.51339069
2008,"Salta",81.86634851
2008,"Jujuy",73.0226791
2008,"Buenos Aires",72.99337169
2008,"Santa Fe",41.153596
2008,"Mendoza",38.51216121
2008,"Neuquen",20.27267125
2008,"San Luis",16.31527622
2008,"Chubut",9.32125747
2008,"Rio Negro",8.52101385
2008,"La Pampa",6.22790057
2008,"Indeterminado",5.20146888
2008,"Cordoba",3.53581711
2008,"Tucuman",1.96132458
2008,"Entre Rios",1.54472696
2008,"Formosa",0.204732
2008,"La Rioja",0.13355774
2008,"Santiago Del Estero",0.104888
2008,"Misiones",0.013263
2008,"Capital Federal",0.00549114
2009,"Catamarca",1018.41693561
2009,"San Juan",749.55582985
2009,"Santa Cruz",522.21127582
2009,"Jujuy",58.40447972
2009,"Salta",56.48735096
2009,"Buenos Aires",47.27936722
2009,"Mendoza",33.62940914
2009,"Santa Fe",25.22888922
2009,"Neuquen",14.59935484
2009,"Indeterminado",11.40578571
2009,"Chubut",6.97949169
2009,"San Luis",6.52474266
2009,"La Pampa",5.27209532
2009,"Rio Negro",5.2449831
2009,"Tucuman",1.94798281
2009,"Cordoba",1.8371662
2009,"Entre Rios",1.61141362
2009,"La Rioja",0.2311545
2009,"Capital Federal",0.1295481
2009,"Santiago Del Estero",0.11980952
2009,"Chaco",0.0044
2009,"Misiones",0.00085
2009,"Tierra Del Fuego",0.000003
2010,"San Juan",1653.87866196
2010,"Catamarca",1399.95478264
2010,"Santa Cruz",712.6662216
2010,"Jujuy",176.86534735
2010,"Buenos Aires",69.85537545
2010,"Salta",68.50495091
2010,"Mendoza",45.95574212
2010,"Santa Fe",18.61361462
2010,"Rio Negro",16.74405107
2010,"Neuquen",15.55438137
2010,"San Luis",8.05991134
2010,"Indeterminado",6.04916991
2010,"La Pampa",5.9206243
2010,"Chubut",5.57326765
2010,"Cordoba",3.51000642
2010,"Tucuman",2.57286548
2010,"Entre Rios",1.03517672
2010,"Santiago Del Estero",0.32905096
2010,"La Rioja",0.2051758
2010,"Capital Federal",0.1301863
2010,"Formosa",0.04334
2010,"Tierra Del Fuego",0.0209592
2011,"San Juan",1909.16447949
2011,"Catamarca",1444.1835086
2011,"Santa Cruz",993.79356773
2011,"Jujuy",245.24770577
2011,"Buenos Aires",76.87321797
2011,"Salta",71.26764803
2011,"Mendoza",53.94295013
2011,"Rio Negro",41.07723227
2011,"Neuquen",17.48941795
2011,"Santa Fe",16.65414091
2011,"Chubut",8.30080284
2011,"San Luis",7.53415842
2011,"La Pampa",4.98660077
2011,"Tucuman",4.0554618
2011,"Cordoba",3.94869685
2011,"Indeterminado",3.01496544
2011,"Entre Rios",1.05536537
2011,"La Rioja",0.147754
2011,"Santiago Del Estero",0.050784
2011,"Tierra Del Fuego",0.02008992
2011,"Capital Federal",0.01289781
2011,"Chaco",0.002
2012,"San Juan",1752.37653876
2012,"Catamarca",1566.09359276
2012,"Santa Cruz",989.59631176
2012,"Jujuy",359.39613245
2012,"Buenos Aires",88.57903909
2012,"Salta",70.33415668
2012,"Rio Negro",48.36416778
2012,"Mendoza",47.36073427
2012,"Neuquen",16.46702664
2012,"Santa Fe",15.8505895
2012,"Indeterminado",6.28962034
2012,"Chubut",5.02803355
2012,"La Pampa",5.02634818
2012,"San Luis",4.26499976
2012,"Cordoba",3.46682284
2012,"Entre Rios",1.41542697
2012,"Tucuman",1.34598335
2012,"La Rioja",0.1775834
2012,"Chaco",0.1152
2012,"Santiago Del Estero",0.09972765
2012,"Tierra Del Fuego",0.011
2012,"Formosa",0.01008
2012,"Capital Federal",0.00252841
2013,"San Juan",1370.35500244
2013,"Catamarca",1058.20398759
2013,"Santa Cruz",878.31433167
2013,"Jujuy",233.09024849
2013,"Buenos Aires",93.40758681
2013,"Salta",65.22339446
2013,"Rio Negro",57.83403627
2013,"Mendoza",36.82634635
2013,"Neuquen",17.27464747
2013,"Santa Fe",15.87156425
2013,"San Luis",5.54148563
2013,"La Pampa",4.78422591
2013,"Indeterminado",3.83326412
2013,"Cordoba",3.74233289
2013,"Chubut",3.64018749
2013,"Entre Rios",1.96467876
2013,"Tucuman",1.41416548
2013,"Santiago Del Estero",0.76896916
2013,"La Rioja",0.22873934
2013,"Tierra Del Fuego",0.0135
2013,"Capital Federal",0.00408761
2014,"San Juan",1286.29973679
2014,"Catamarca",1043.60884689
2014,"Santa Cruz",851.547117
2014,"Jujuy",189.3283147
2014,"Buenos Aires",82.15452182
2014,"Salta",71.56553046
2014,"Mendoza",43.15009301
2014,"Rio Negro",38.44824505
2014,"Neuquen",14.53664208
2014,"Santa Fe",6.78966388
2014,"San Luis",4.66874967
2014,"La Pampa",4.62785074
2014,"Chubut",2.91027205
2014,"Cordoba",2.54449152
2014,"Indeterminado",1.93633554
2014,"Entre Rios",1.64760972
2014,"Tucuman",1.42888829
2014,"Santiago Del Estero",0.45771773
2014,"La Rioja",0.1248301
2014,"Capital Federal",0.00932577
2014,"Misiones",0.0061842
2014,"Corrientes",0.00004662
2015,"Santa Cruz",1563.49713036
2015,"San Juan",1069.41085275
2015,"Catamarca",551.4274256
2015,"Jujuy",177.89829485
2015,"Salta",59.00313289
2015,"Buenos Aires",57.17515494
2015,"Mendoza",29.58873115
2015,"Rio Negro",21.56858956
2015,"Neuquen",6.19569177
2015,"Santa Fe",6.07630734
2015,"La Pampa",3.480365
2015,"Chubut",2.29442018
2015,"San Luis",2.06077027
2015,"Tucuman",1.91808207
2015,"Entre Rios",1.78497621
2015,"Cordoba",1.72823738
2015,"Indeterminado",0.94738321
2015,"Santiago Del Estero",0.50572599
2015,"La Rioja",0.13398573
2015,"Corrientes",0.0014888
2015,"Capital Federal",0.0004732
2015,"Tierra Del Fuego",0.00010824
2015,"Misiones",0.00008708
2016,"Santa Cruz",1377.58384961
2016,"San Juan",963.42782443
2016,"Catamarca",734.71529608
2016,"Jujuy",327.84396912
2016,"Salta",63.27819726
2016,"Buenos Aires",52.49631765
2016,"Rio Negro",16.623141
2016,"Mendoza",11.80008561
2016,"Neuquen",4.84403498
2016,"La Pampa",2.63184712
2016,"San Luis",2.09210055
2016,"Indeterminado",1.72958984
2016,"Chubut",1.3911841
2016,"Santa Fe",1.20703312
2016,"Cordoba",1.08644207
2016,"Tucuman",0.58487773
2016,"Entre Rios",0.29186435
2016,"Santiago Del Estero",0.22471537
2016,"La Rioja",0.0904219
2016,"Capital Federal",0.00324679
2016,"Tierra Del Fuego",0.001469
2017,"Santa Cruz",1488.92280769
2017,"San Juan",1116.25068154
2017,"Catamarca",558.60518979
2017,"Jujuy",352.17950301
2017,"Salta",58.79734095
2017,"Buenos Aires",58.60167387
2017,"Mendoza",19.38677332
2017,"Indeterminado",11.6243186
2017,"Rio Negro",8.5081197
2017,"Santa Fe",8.20450061
2017,"Neuquen",4.43691038
2017,"La Pampa",4.00129152
2017,"San Luis",1.47000963
2017,"Cordoba",1.24919409
2017,"Chubut",0.97617901
2017,"Tucuman",0.55085464
2017,"Santiago Del Estero",0.2283
2017,"Entre Rios",0.22607936
2017,"La Rioja",0.09767235
2017,"Capital Federal",0.0094589
2017,"Tierra Del Fuego",0.00007
2018,"Santa Cruz",1647.77337458
2018,"San Juan",896.00164318
2018,"Catamarca",437.28296754
2018,"Jujuy",315.77814767
2018,"Salta",55.03948707
2018,"Buenos Aires",31.56622089
2018,"Mendoza",27.95036771
2018,"Santa Fe",10.12560093
2018,"Rio Negro",9.67041718
2018,"Neuquen",5.24426898
2018,"Indeterminado",3.50128537
2018,"Cordoba",2.97889057
2018,"La Pampa",2.83486519
2018,"San Luis",2.02878513
2018,"Chubut",0.75771757
2018,"Entre Rios",0.65739977
2018,"Tucuman",0.57616487
2018,"Santiago Del Estero",0.41444077
2018,"La Rioja",0.13448996
2018,"Capital Federal",0.01394743
2018,"Chaco",0.003945
2019,"Santa Cruz",1790.91004618
2019,"San Juan",890.41213267
2019,"Jujuy",325.39635125
2019,"Catamarca",108.61930819
2019,"Salta",48.64992715
2019,"Buenos Aires",23.90697923
2019,"Mendoza",23.88388403
2019,"Rio Negro",7.29243159
2019,"Santa Fe",6.69968266
2019,"Neuquen",5.55605653
2019,"Cordoba",5.52390369
2019,"La Pampa",3.14595604
2019,"San Luis",2.71741648
2019,"Indeterminado",2.23696574
2019,"Chubut",1.24714975
2019,"Tucuman",0.69271844
2019,"Entre Rios",0.35588471
2019,"Santiago Del Estero",0.32614542
2019,"La Rioja",0.12807276
2019,"Capital Federal",0.01531397
2020,"Santa Cruz",1430.58828016
2020,"San Juan",818.61194734
2020,"Jujuy",159.00386883
2020,"Catamarca",99.34862114
2020,"Salta",63.27049026
2020,"Mendoza",14.31127866
2020,"Buenos Aires",9.5937317
2020,"Rio Negro",6.49014771
2020,"Indeterminado",5.87070783
2020,"Neuquen",4.27219385
2020,"San Luis",2.28285636
2020,"La Pampa",2.21686322
2020,"Santa Fe",1.37490176
2020,"Cordoba",1.22419403
2020,"Santiago Del Estero",0.58042208
2020,"Chubut",0.54994498
2020,"Tucuman",0.52813127
2020,"Entre Rios",0.50464343
2020,"La Rioja",0.1220676
2020,"Capital Federal",0.01071292
2020,"Chaco",0.000005
2021,"Santa Cruz",1617.04873394
2021,"San Juan",857.18055962
2021,"Jujuy",362.68894526
2021,"Salta",227.7073922
2021,"Catamarca",114.48094349
2021,"Mendoza",26.41035831
2021,"Buenos Aires",10.19258025
2021,"Rio Negro",9.063423
2021,"Neuquen",4.93620877
2021,"San Luis",3.45316965
2021,"La Pampa",2.47298379
2021,"Indeterminado",2.35696263
2021,"Cordoba",1.35732354
2021,"Santa Fe",1.34682176
2021,"Chubut",0.87191082
2021,"Tucuman",0.79828091
2021,"Santiago Del Estero",0.70738752
2021,"Entre Rios",0.27737129
2021,"La Rioja",0.08255999
2021,"Capital Federal",0.00078238
2022,"Santa Cruz",1719.94173898
2022,"San Juan",864.62101182
2022,"Jujuy",738.34279256
2022,"Salta",295.49227618
2022,"Catamarca",154.25279336
2022,"Mendoza",46.48495055
2022,"Rio Negro",10.88765044
2022,"Buenos Aires",10.24492794
2022,"Neuquen",4.03104611
2022,"San Luis",3.51904916
2022,"La Pampa",2.50700687
2022,"Indeterminado",1.84825303
2022,"Cordoba",1.29499276
2022,"Chubut",1.10659915
2022,"Santiago Del Estero",1.04044128
2022,"Santa Fe",0.80225188
2022,"Tucuman",0.72779446
2022,"Entre Rios",0.53490806
2022,"La Rioja",0.0940442
2022,"Corrientes",0.04858
2022,"Chaco",0.01289438
2022,"Capital Federal",0.00847444
2022,"Tierra Del Fuego",0.006994
2023,"Santa Cruz",1669.07073106
2023,"Jujuy",902.21915376
2023,"San Juan",880.3030661
2023,"Salta",307.08437447
2023,"Catamarca",236.28596169
2023,"Mendoza",25.47188206
2023,"Buenos Aires",12.8161236
2023,"Rio Negro",11.86332484
2023,"Neuquen",4.11210572
2023,"La Pampa",2.63996526
2023,"San Luis",2.47281072
2023,"Indeterminado",1.91330426
2023,"Cordoba",1.72050792
2023,"Chubut",1.13449069
2023,"Santiago Del Estero",0.98524674
2023,"Entre Rios",0.50460929
2023,"Santa Fe",0.45075934
2023,"Tucuman",0.37210816
2023,"La Rioja",0.13261973
2023,"Tierra Del Fuego",0.0019646
2023,"Capital Federal",0.00040739
2024,"Santa Cruz",1788.81231343
2024,"San Juan",1468.92429914
2024,"Jujuy",750.63002563
2024,"Salta",316.14497274
2024,"Catamarca",280.00142613
2024,"Mendoza",25.18211704
2024,"Rio Negro",14.37233904
2024,"Buenos Aires",11.14671979
2024,"Neuquen",4.29856452
2024,"Santa Fe",3.67513543
2024,"La Pampa",2.72710218
2024,"Cordoba",1.92362636
2024,"Chubut",1.55862387
2024,"San Luis",1.55396615
2024,"Indeterminado",1.17141564
2024,"Santiago Del Estero",1.03389853
2024,"Tucuman",0.53025561
2024,"Entre Rios",0.35424953
2024,"La Rioja",0.11141312
2024,"Capital Federal",0.00045827
2025,"Santa Cruz",2398.29866093
2025,"San Juan",1758.51234023
2025,"Jujuy",966.01347354
2025,"Salta",502.31457559
2025,"Catamarca",353.50322266
2025,"Buenos Aires",34.48941717
2025,"Mendoza",19.77134976
2025,"Rio Negro",13.74285913
2025,"Santa Fe",7.36358906
2025,"Cordoba",7.2025986
2025,"Neuquen",4.67456922
2025,"Indeterminado",2.06788822
2025,"La Pampa",1.79595524
2025,"San Luis",1.46173345
2025,"Chubut",1.23943655
2025,"Santiago Del Estero",0.87923764
2025,"Tucuman",0.51768252
2025,"Entre Rios",0.49946715
2025,"La Rioja",0.09028809
2025,"Tierra Del Fuego",0.002775
